/*
USE colorcommerce;
*/
INSERT INTO cidade (ci_nome, ci_es_cod) VALUES
('Jarinu', 26),
('Jaú', 26),
('Jeriquara', 26),
('Joanópolis', 26),
('João Ramalho', 26),
('José Bonifácio', 26),
('Júlio Mesquita', 26),
('Jumirim', 26),
('Jundiaí', 26),
('Junqueirópolis', 26),
('Juquiá', 26),
('Juquitiba', 26),
('Lagoinha', 26),
('Laranjal Paulista', 26),
('Lavínia', 26),
('Lavrinhas', 26),
('Leme', 26),
('Lençóis Paulista', 26),
('Limeira', 26),
('Lindóia', 26),
('Lins', 26),
('Lorena', 26),
('Lourdes', 26),
('Louveira', 26),
('Lucélia', 26),
('Lucianópolis', 26),
('Luís Antônio', 26),
('Luiziânia', 26),
('Lupércio', 26),
('Lutécia', 26),
('Macatuba', 26),
('Macaubal', 26),
('Macedônia', 26),
('Magda', 26),
('Mairinque', 26),
('Mairiporã', 26),
('Manduri', 26),
('Marabá Paulista', 26),
('Maracaí', 26),
('Marapoama', 26),
('Mariápolis', 26),
('Marília', 26),
('Marinópolis', 26),
('Martinópolis', 26),
('Matão', 26),
('Mauá', 26),
('Mendonça', 26),
('Meridiano', 26),
('Mesópolis', 26),
('Miguelópolis', 26),
('Mineiros do Tietê', 26),
('Mira Estrela', 26),
('Miracatu', 26),
('Mirandópolis', 26),
('Mirante do Paranapanema', 26),
('Mirassol', 26),
('Mirassolândia', 26),
('Mococa', 26),
('Mogi das Cruzes', 26),
('Mogi Guaçu', 26),
('Moji Mirim', 26),
('Mombuca', 26),
('Monções', 26),
('Mongaguá', 26),
('Monte Alegre do Sul', 26),
('Monte Alto', 26),
('Monte Aprazível', 26),
('Monte Azul Paulista', 26),
('Monte Castelo', 26),
('Monte Mor', 26),
('Monteiro Lobato', 26),
('Morro Agudo', 26),
('Morungaba', 26),
('Motuca', 26),
('Murutinga do Sul', 26),
('Nantes', 26),
('Narandiba', 26),
('Natividade da Serra', 26),
('Nazaré Paulista', 26),
('Neves Paulista', 26),
('Nhandeara', 26),
('Nipoã', 26),
('Nova Aliança', 26),
('Nova Campina', 26),
('Nova Canaã Paulista', 26),
('Nova Castilho', 26),
('Nova Europa', 26),
('Nova Granada', 26),
('Nova Guataporanga', 26),
('Nova Independência', 26),
('Nova Luzitânia', 26),
('Nova Odessa', 26),
('Novais', 26),
('Novo Horizonte', 26),
('Nuporanga', 26),
('Ocauçu', 26),
('Óleo', 26),
('Olímpia', 26),
('Onda Verde', 26),
('Oriente', 26),
('Orindiúva', 26),
('Orlândia', 26),
('Osasco', 26),
('Oscar Bressane', 26),
('Osvaldo Cruz', 26),
('Ourinhos', 26),
('Ouro Verde', 26),
('Ouroeste', 26),
('Pacaembu', 26),
('Palestina', 26),
('Palmares Paulista', 26),
('Palmeira d`Oeste', 26),
('Palmital', 26),
('Panorama', 26),
('Paraguaçu Paulista', 26),
('Paraibuna', 26),
('Paraíso', 26),
('Paranapanema', 26),
('Paranapuã', 26),
('Parapuã', 26),
('Pardinho', 26),
('Pariquera-Açu', 26),
('Parisi', 26),
('Patrocínio Paulista', 26),
('Paulicéia', 26),
('Paulínia', 26),
('Paulistânia', 26),
('Paulo de Faria', 26),
('Pederneiras', 26),
('Pedra Bela', 26),
('Pedranópolis', 26),
('Pedregulho', 26),
('Pedreira', 26),
('Pedrinhas Paulista', 26),
('Pedro de Toledo', 26),
('Penápolis', 26),
('Pereira Barreto', 26),
('Pereiras', 26),
('Peruíbe', 26),
('Piacatu', 26),
('Piedade', 26),
('Pilar do Sul', 26),
('Pindamonhangaba', 26),
('Pindorama', 26),
('Pinhalzinho', 26),
('Piquerobi', 26),
('Piquete', 26),
('Piracaia', 26),
('Piracicaba', 26),
('Piraju', 26),
('Pirajuí', 26),
('Pirangi', 26),
('Pirapora do Bom Jesus', 26),
('Pirapozinho', 26),
('Pirassununga', 26),
('Piratininga', 26),
('Pitangueiras', 26),
('Planalto', 26),
('Platina', 26),
('Poá', 26),
('Poloni', 26),
('Pompéia', 26),
('Pongaí', 26),
('Pontal', 26),
('Pontalinda', 26),
('Pontes Gestal', 26),
('Populina', 26),
('Porangaba', 26),
('Porto Feliz', 26),
('Porto Ferreira', 26),
('Potim', 26),
('Potirendaba', 26),
('Pracinha', 26),
('Pradópolis', 26),
('Praia Grande', 26),
('Pratânia', 26),
('Presidente Alves', 26),
('Presidente Bernardes', 26),
('Presidente Epitácio', 26),
('Presidente Prudente', 26),
('Presidente Venceslau', 26),
('Promissão', 26),
('Quadra', 26),
('Quatá', 26),
('Queiroz', 26),
('Queluz', 26),
('Quintana', 26),
('Rafard', 26),
('Rancharia', 26),
('Redenção da Serra', 26),
('Regente Feijó', 26),
('Reginópolis', 26),
('Registro', 26),
('Restinga', 26),
('Ribeira', 26),
('Ribeirão Bonito', 26),
('Ribeirão Branco', 26),
('Ribeirão Corrente', 26),
('Ribeirão do Sul', 26),
('Ribeirão dos Índios', 26),
('Ribeirão Grande', 26),
('Ribeirão Pires', 26),
('Ribeirão Preto', 26),
('Rifaina', 26),
('Rincão', 26),
('Rinópolis', 26),
('Rio Claro', 26),
('Rio das Pedras', 26),
('Rio Grande da Serra', 26),
('Riolândia', 26),
('Riversul', 26),
('Rosana', 26),
('Roseira', 26),
('Rubiácea', 26),
('Rubinéia', 26),
('Sabino', 26),
('Sagres', 26),
('Sales', 26),
('Sales Oliveira', 26),
('Salesópolis', 26),
('Salmourão', 26),
('Saltinho', 26),
('Salto', 26),
('Salto de Pirapora', 26),
('Salto Grande', 26),
('Sandovalina', 26),
('Santa Adélia', 26),
('Santa Albertina', 26),
('Santa Bárbara d`Oeste', 26),
('Santa Branca', 26),
('Santa Clara d`Oeste', 26),
('Santa Cruz da Conceição', 26),
('Santa Cruz da Esperança', 26),
('Santa Cruz das Palmeiras', 26),
('Santa Cruz do Rio Pardo', 26),
('Santa Ernestina', 26),
('Santa Fé do Sul', 26),
('Santa Gertrudes', 26),
('Santa Isabel', 26),
('Santa Lúcia', 26),
('Santa Maria da Serra', 26),
('Santa Mercedes', 26),
('Santa Rita d`Oeste', 26),
('Santa Rita do Passa Quatro', 26),
('Santa Rosa de Viterbo', 26),
('Santa Salete', 26),
('Santana da Ponte Pensa', 26),
('Santana de Parnaíba', 26),
('Santo Anastácio', 26),
('Santo André', 26),
('Santo Antônio da Alegria', 26),
('Santo Antônio de Posse', 26),
('Santo Antônio do Aracanguá', 26),
('Santo Antônio do Jardim', 26),
('Santo Antônio do Pinhal', 26),
('Santo Expedito', 26),
('Santópolis do Aguapeí', 26),
('Santos', 26),
('São Bento do Sapucaí', 26),
('São Bernardo do Campo', 26),
('São Caetano do Sul', 26),
('São Carlos', 26),
('São Francisco', 26),
('São João da Boa Vista', 26),
('São João das Duas Pontes', 26),
('São João de Iracema', 26),
('São João do Pau d`Alho', 26),
('São Joaquim da Barra', 26),
('São José da Bela Vista', 26),
('São José do Barreiro', 26),
('São José do Rio Pardo', 26),
('São José do Rio Preto', 26),
('São José dos Campos', 26),
('São Lourenço da Serra', 26),
('São Luís do Paraitinga', 26),
('São Manuel', 26),
('São Miguel Arcanjo', 26),
('São Paulo', 26),
('São Pedro', 26),
('São Pedro do Turvo', 26),
('São Roque', 26),
('São Sebastião', 26),
('São Sebastião da Grama', 26),
('São Simão', 26),
('São Vicente', 26),
('Sarapuí', 26),
('Sarutaiá', 26),
('Sebastianópolis do Sul', 26),
('Serra Azul', 26),
('Serra Negra', 26),
('Serrana', 26),
('Sertãozinho', 26),
('Sete Barras', 26),
('Severínia', 26),
('Silveiras', 26),
('Socorro', 26),
('Sorocaba', 26),
('Sud Mennucci', 26),
('Sumaré', 26),
('Suzanápolis', 26),
('Suzano', 26),
('Tabapuã', 26),
('Tabatinga', 26),
('Taboão da Serra', 26),
('Taciba', 26),
('Taguaí', 26),
('Taiaçu', 26),
('Taiúva', 26),
('Tambaú', 26),
('Tanabi', 26),
('Tapiraí', 26),
('Tapiratiba', 26),
('Taquaral', 26),
('Taquaritinga', 26),
('Taquarituba', 26),
('Taquarivaí', 26),
('Tarabai', 26),
('Tarumã', 26),
('Tatuí', 26),
('Taubaté', 26),
('Tejupá', 26),
('Teodoro Sampaio', 26),
('Terra Roxa', 26),
('Tietê', 26),
('Timburi', 26),
('Torre de Pedra', 26),
('Torrinha', 26),
('Trabiju', 26),
('Tremembé', 26),
('Três Fronteiras', 26),
('Tuiuti', 26),
('Tupã', 26),
('Tupi Paulista', 26),
('Turiúba', 26),
('Turmalina', 26),
('Ubarana', 26),
('Ubatuba', 26),
('Ubirajara', 26),
('Uchoa', 26),
('União Paulista', 26),
('Urânia', 26),
('Uru', 26),
('Urupês', 26),
('Valentim Gentil', 26),
('Valinhos', 26),
('Valparaíso', 26),
('Vargem', 26),
('Vargem Grande do Sul', 26),
('Vargem Grande Paulista', 26),
('Várzea Paulista', 26),
('Vera Cruz', 26),
('Vinhedo', 26),
('Viradouro', 26),
('Vista Alegre do Alto', 26),
('Vitória Brasil', 26),
('Votorantim', 26),
('Votuporanga', 26),
('Zacarias', 26),
('Amparo de São Francisco', 25),
('Aquidabã', 25),
('Aracaju', 25),
('Arauá', 25),
('Areia Branca', 25),
('Barra dos Coqueiros', 25),
('Boquim', 25),
('Brejo Grande', 25),
('Campo do Brito', 25),
('Canhoba', 25),
('Canindé de São Francisco', 25),
('Capela', 25),
('Carira', 25),
('Carmópolis', 25),
('Cedro de São João', 25),
('Cristinápolis', 25),
('Cumbe', 25),
('Divina Pastora', 25),
('Estância', 25),
('Feira Nova', 25),
('Frei Paulo', 25),
('Gararu', 25),
('General Maynard', 25),
('Gracho Cardoso', 25),
('Ilha das Flores', 25),
('Indiaroba', 25),
('Itabaiana', 25),
('Itabaianinha', 25),
('Itabi', 25),
('Itaporanga d`Ajuda', 25),
('Japaratuba', 25),
('Japoatã', 25),
('Lagarto', 25),
('Laranjeiras', 25),
('Macambira', 25),
('Malhada dos Bois', 25),
('Malhador', 25),
('Maruim', 25),
('Moita Bonita', 25),
('Monte Alegre de Sergipe', 25),
('Muribeca', 25),
('Neópolis', 25),
('Nossa Senhora Aparecida', 25),
('Nossa Senhora da Glória', 25),
('Nossa Senhora das Dores', 25),
('Nossa Senhora de Lourdes', 25),
('Nossa Senhora do Socorro', 25),
('Pacatuba', 25),
('Pedra Mole', 25),
('Pedrinhas', 25),
('Pinhão', 25),
('Pirambu', 25),
('Poço Redondo', 25),
('Poço Verde', 25),
('Porto da Folha', 25),
('Propriá', 25),
('Riachão do Dantas', 25),
('Riachuelo', 25),
('Ribeirópolis', 25),
('Rosário do Catete', 25),
('Salgado', 25),
('Santa Luzia do Itanhy', 25),
('Santa Rosa de Lima', 25),
('Santana do São Francisco', 25),
('Santo Amaro das Brotas', 25),
('São Cristóvão', 25),
('São Domingos', 25),
('São Francisco', 25),
('São Miguel do Aleixo', 25),
('Simão Dias', 25),
('Siriri', 25),
('Telha', 25),
('Tobias Barreto', 25),
('Tomar do Geru', 25),
('Umbaúba', 25),
('Abreulândia', 27),
('Aguiarnópolis', 27),
('Aliança do Tocantins', 27),
('Almas', 27),
('Alvorada', 27),
('Ananás', 27),
('Angico', 27),
('Aparecida do Rio Negro', 27),
('Aragominas', 27),
('Araguacema', 27),
('Araguaçu', 27),
('Araguaína', 27),
('Araguanã', 27),
('Araguatins', 27),
('Arapoema', 27),
('Arraias', 27),
('Augustinópolis', 27),
('Aurora do Tocantins', 27),
('Axixá do Tocantins', 27),
('Babaçulândia', 27),
('Bandeirantes do Tocantins', 27),
('Barra do Ouro', 27),
('Barrolândia', 27),
('Bernardo Sayão', 27),
('Bom Jesus do Tocantins', 27),
('Brasilândia do Tocantins', 27),
('Brejinho de Nazaré', 27),
('Buriti do Tocantins', 27),
('Cachoeirinha', 27),
('Campos Lindos', 27),
('Cariri do Tocantins', 27),
('Carmolândia', 27),
('Carrasco Bonito', 27),
('Caseara', 27),
('Centenário', 27),
('Chapada da Natividade', 27),
('Chapada de Areia', 27),
('Colinas do Tocantins', 27),
('Colméia', 27),
('Combinado', 27),
('Conceição do Tocantins', 27),
('Couto de Magalhães', 27),
('Cristalândia', 27),
('Crixás do Tocantins', 27),
('Darcinópolis', 27),
('Dianópolis', 27),
('Divinópolis do Tocantins', 27),
('Dois Irmãos do Tocantins', 27),
('Dueré', 27),
('Esperantina', 27),
('Fátima', 27),
('Figueirópolis', 27),
('Filadélfia', 27),
('Formoso do Araguaia', 27),
('Fortaleza do Tabocão', 27),
('Goianorte', 27),
('Goiatins', 27),
('Guaraí', 27),
('Gurupi', 27),
('Ipueiras', 27),
('Itacajá', 27),
('Itaguatins', 27),
('Itapiratins', 27),
('Itaporã do Tocantins', 27),
('Jaú do Tocantins', 27),
('Juarina', 27),
('Lagoa da Confusão', 27),
('Lagoa do Tocantins', 27),
('Lajeado', 27),
('Lavandeira', 27),
('Lizarda', 27),
('Luzinópolis', 27),
('Marianópolis do Tocantins', 27),
('Mateiros', 27),
('Maurilândia do Tocantins', 27),
('Miracema do Tocantins', 27),
('Miranorte', 27),
('Monte do Carmo', 27),
('Monte Santo do Tocantins', 27),
('Muricilândia', 27),
('Natividade', 27),
('Nazaré', 27),
('Nova Olinda', 27),
('Nova Rosalândia', 27),
('Novo Acordo', 27),
('Novo Alegre', 27),
('Novo Jardim', 27),
('Oliveira de Fátima', 27),
('Palmas', 27),
('Palmeirante', 27),
('Palmeiras do Tocantins', 27),
('Palmeirópolis', 27),
('Paraíso do Tocantins', 27),
('Paranã', 27),
('Pau d`Arco', 27),
('Pedro Afonso', 27),
('Peixe', 27),
('Pequizeiro', 27),
('Pindorama do Tocantins', 27),
('Piraquê', 27),
('Pium', 27),
('Ponte Alta do Bom Jesus', 27),
('Ponte Alta do Tocantins', 27),
('Porto Alegre do Tocantins', 27),
('Porto Nacional', 27),
('Praia Norte', 27),
('Presidente Kennedy', 27),
('Pugmil', 27),
('Recursolândia', 27),
('Riachinho', 27),
('Rio da Conceição', 27),
('Rio dos Bois', 27),
('Rio Sono', 27),
('Sampaio', 27),
('Sandolândia', 27),
('Santa Fé do Araguaia', 27),
('Santa Maria do Tocantins', 27),
('Santa Rita do Tocantins', 27),
('Santa Rosa do Tocantins', 27),
('Santa Tereza do Tocantins', 27),
('Santa Terezinha do Tocantins', 27),
('São Bento do Tocantins', 27),
('São Félix do Tocantins', 27),
('São Miguel do Tocantins', 27),
('São Salvador do Tocantins', 27),
('São Sebastião do Tocantins', 27),
('São Valério da Natividade', 27),
('Silvanópolis', 27),
('Sítio Novo do Tocantins', 27),
('Sucupira', 27),
('Taguatinga', 27),
('Taipas do Tocantins', 27),
('Talismã', 27),
('Tocantínia', 27),
('Tocantinópolis', 27),
('Tupirama', 27),
('Tupiratins', 27),
('Wanderlândia', 27),
('Xambioá', 27);